{"Time":[0,4.9542344910955928E-8,0.0013644576205433655,0.0071322323258902944,0.014090143552692141,0.023077302282261517,0.05,0.11,0.21,0.31,0.31479224833119029,0.34816218918921904,0.43,0.53,0.63,0.73,0.83000000000000007,0.93,1.03,1.1300000000000001,1.23,1.33,1.43,1.53,1.6300000000000001,1.73,1.83,1.93,2.0100000000000002,2.11,2.21,2.31,2.41,2.5100000000000002,2.61,2.71,2.81,2.91,3.0100000000000002,3.11,3.21,3.31,3.41,3.5100000000000002,3.61,3.71,3.81,3.91,4.01,4.11,4.21,4.3100000000000005,4.41,4.51,4.61,4.71,4.8100000000000005,4.91,5.01,5.11,5.21,5.3100000000000005,5.41,5.51,5.61,5.71,5.8100000000000005,5.91,6.01,6.11,6.21,6.3100000000000005,6.41,6.51,6.61,6.71,6.8100000000000005,6.91,7.01,7.11,7.21,7.3100000000000005,7.41,7.51,7.61,7.71,7.8100000000000005,7.91,8.01,8.11,8.21,8.31,8.41,8.51,8.61,8.71,8.81,8.91,9.01,9.11,9.21,9.31,9.41,9.51,9.61,9.71,9.81,9.91,10.01,10.11,10.21,10.31,10.41,10.51,10.61,10.71,10.81,10.91,11.01,11.11,11.21,11.31,11.41,11.51,11.61,11.71,11.81,11.91,11.99,12.09,12.19,12.290000000000001,12.39,12.49,12.59,12.69,12.790000000000001,12.89,12.99,13.09,13.174150615593662,13.226283065383756,13.31,13.41,13.51,13.61,13.71,13.81,13.91,14.01,14.11,14.21,14.31,14.41,14.51,14.61,14.71,14.81,14.91,15.01,15.11,15.21,15.31,15.41,15.51,15.610000000000001,15.71,15.81,15.91,15.953059983890478,15.9876769088407,16.07,16.1472,16.18,16.27,16.37,16.47,16.55,16.65,16.75,16.85,16.91,16.990000000000002,17.09,17.19,17.29,17.39,17.490000000000002,17.59,17.676000000000002,17.763,17.82,17.92,18.02,18.12,18.22,18.32,18.42,18.52,18.62,18.72,18.82,18.92,18.965024530597653,18.981363157481987,19.004251454501169,19.025741010476782,19.07,19.105369874481315,19.147515839513872],"EgoSpd":[0,1.3971359796694322E-14,2.0450462594749011E-5,0.00013180071552410397,0.00031936336537834674,0.00065027898161016588,0.0018057811889974997,0.0049957802524633011,0.0099631883639935137,0.012176045803024801,0.012228713473604406,0.057396476071665217,0.276112804433382,0.539548065010749,0.80188330917342332,1.0646673020605864,1.3279620653554958,1.5914654788620106,1.8548745661535533,2.1180879310879921,2.3811583340493345,2.6441627961115577,2.9071329956706915,3.1700594672425813,3.4329215405885507,3.6957068018519688,3.9584131070435551,4.2210423271115314,4.4310907382120357,4.693581215847197,4.95599112146482,5.21831743208326,5.480557644920637,5.742709677534104,6.0047715402378756,6.2667411435720668,6.5286162910469834,6.7903947498040313,7.052074303454904,7.3136527616233877,7.5751279458713956,7.836497675957018,8.0977597656385036,8.3589120250876547,8.619952264230335,8.8808782941391176,9.14168792668113,9.4023789737047672,9.6629492465801885,9.9233965561826682,10.183718713028222,10.443913527381776,10.703978809241626,10.96391236827858,11.223712013787443,11.483375554652959,11.742900799335587,12.002285555855391,12.261527631779435,12.520624834205718,12.7795749697301,13.038375844444994,13.297025263909815,13.555521033143577,13.813860956613059,14.072042838208743,14.330064481244142,14.587923688441332,14.845618264023429,15.103146004678086,15.360504714758841,15.617692193747988,15.874706241140483,16.131544656037182,16.388205236834494,16.644685781229171,16.900984086262969,17.157097948330215,17.413025163185758,17.668763525945398,17.924310831080184,18.179664872421903,18.434823443168732,18.68978433589308,18.944545342541605,19.199104254454983,19.453458862372532,19.7076069564406,19.961546326228593,20.215274760743654,20.468790048437228,20.722089977230493,20.975172334527656,21.228034907232949,21.480675481773375,21.733091844118167,21.985281779795276,22.237243073928607,22.488973511249888,22.740470876129624,22.991732952607595,23.242757524412909,23.493542375000938,23.744085287588959,23.994384045176243,24.244436430585662,24.494240226497428,24.743793215492023,24.993093180073664,25.242137902723972,25.490925165937167,25.7394527522554,25.987718444323459,26.235720024933141,26.483455277052535,26.730921983894607,26.978117928952475,27.225040896053713,27.471688669415993,27.718059033690835,27.964149774023653,28.209958676106709,28.455483526243164,28.700722111392309,28.945672219237142,29.190331638254204,29.434698157749331,29.678769567952276,29.873812733092194,30.11734738108628,30.360580737811119,30.603510597552518,30.846134755828544,31.088451009464446,31.330457156658007,31.572150997064558,31.813530331864207,32.05459296383637,32.295336697448931,32.535759338929815,32.667045764615352,32.6512061860376,32.628739580158,32.602414743799876,32.576069342267509,32.549790531545966,32.523545956983504,32.497320496832508,32.471124320773825,32.444965785573736,32.418845814071815,32.392762153101089,32.366712913169046,32.340697538379025,32.314716301901079,32.28876956483618,32.262857426356447,32.236979764078789,32.2111364004632,32.185327205101345,32.159552102613524,32.1338110385691,32.108103952200473,32.082430770262327,32.056791413266382,32.031185802296172,32.005613861423711,31.980075516779674,31.954570694952725,31.943574942991692,31.775763559516893,31.188637546087765,30.646995527387624,30.405335825642737,29.720424342103684,28.987234946924012,28.278019660441281,27.721156287017006,27.027568689188165,26.32697621081719,25.59966930907397,25.15747350611937,24.566135813082276,23.826831527160213,23.090039812987666,22.357136100758009,21.630184128458829,20.913819468414843,20.212346831129548,19.618190532384411,19.018272759620956,18.6255734657005,17.936952522804589,17.248690635175411,16.560718643568428,15.87324272381918,15.186332985663441,14.499936046986287,13.813977780256897,13.1284082276137,12.443205987510114,11.758363147810673,11.073868059282217,10.752025447630304,10.705105008259942,10.730226210420037,10.720951281880847,10.720641577415632,10.718441859675719,10.715183294218187],