{"Time":[0,4.9542344910955928E-8,0.0013644576205433655,0.0071322323258902944,0.014090143552692141,0.023077302282261517,0.05,0.11,0.21,0.31,0.41000000000000003,0.51,0.61,0.66150594048711442,0.6724777224966072,0.72,0.79,0.89,0.99,1.09,1.19,1.29,1.3757271853473434,1.4238899097191697,1.4666711632238698,1.51,1.5561780660101705,1.5777474466403325,1.6256689055907259,1.72,1.82,1.92,2.0000000000000284,2.1,2.2,2.3000000000000003,2.4,2.5,2.6,2.7,2.8000000000000003,2.9,3,3.1,3.2,3.3000000000000003,3.4,3.5,3.6,3.7,3.8000000000000003,3.9,4,4.1,4.2,4.3,4.4,4.5,4.6000000000000005,4.7,4.8,4.9,5,5.1000000000000005,5.2,5.3,5.4,5.5,5.6000000000000005,5.7,5.8,5.9,6,6.1000000000000005,6.2,6.3,6.4,6.5,6.6000000000000005,6.7,6.8,6.9,7,7.1000000000000005,7.2,7.3,7.4,7.5,7.6000000000000005,7.7,7.8,7.9,8,8.1,8.2,8.3,8.4,8.5,8.6,8.7000000000000011,8.8,8.9,9,9.1,9.2000000000000011,9.3,9.4,9.5,9.6,9.7000000000000011,9.8,9.9,10,10.1,10.200000000000001,10.3,10.4,10.5,10.6,10.700000000000001,10.8,10.9,11,11.1,11.200000000000001,11.3,11.4,11.5,11.6,11.700000000000001,11.8,11.9,12,12.1,12.200000000000001,12.3,12.4,12.5,12.58,12.68,12.780000000000001,12.88,12.98,13.08,13.18,13.280000000000001,13.38,13.48,13.58,13.68,13.780000000000001,13.88,13.98,14.08,14.18,14.280000000000001,14.38,14.48,14.58,14.68,14.780000000000001,14.88,14.98,15.08,15.18,15.280000000000001,15.38,15.48,15.58,15.68,15.780000000000001,15.88,15.98,16.080000000000002,16.18,16.28,16.356026420553071,16.41,16.51,16.61,16.71,16.81,16.91,16.95607379715884,16.990000000000002,17.07,17.11,17.19,17.29,17.35,17.45,17.494360341363262,17.534000000000002,17.63,17.73,17.830000000000002,17.93,18.03,18.13,18.23,18.330000000000002,18.43,18.53,18.63,18.73,18.830000000000002,18.93,19.03,19.13,19.23,19.320062506611293,19.34,19.37598088447734,19.389014271153989,19.417118255993923,19.446679658905055,19.54,19.64,19.740000000000002,19.84,19.94,20.04,20.14,20.240000000000002,20.34,20.44,20.54,20.64,20.740000000000002,20.84,20.94,21.04,21.14,21.240000000000002,21.34,21.44,21.54,21.64,21.740000000000002,21.84,21.94,22.04,22.14,22.240000000000002,22.31,22.35,22.405126010201641],"EgoSpd":[0,1.3971359796694322E-14,2.0450462594749011E-5,0.00013180071552410397,0.00031936336537834674,0.00065027898161016588,0.0018057811889974997,0.0049957802524633011,0.0099631883639935137,0.012176045803024801,0.012546295085462591,0.012222070929673328,0.011950212120955206,0.011937657097712221,0.012527684981519058,0.098192921364404523,0.28302601823361129,0.54680434501049557,0.80984189787516259,1.0730530569530403,1.3363809157831212,1.5997346305225708,1.8118069659495994,1.804255758959088,1.8004206045875686,1.79839564994171,1.7965343859633778,1.7957809395648487,1.8417316203858614,2.0984311608846729,2.3611860043712265,2.6236129442273368,2.8337532546723208,3.0966338183788333,3.35960326613856,3.6225039030564568,3.8852638317556685,4.1478993286367505,4.4104503576614489,4.6729366332656008,4.9353547428784506,5.1976930608109155,5.4599432083574344,5.7221023293061473,5.9841701998349617,6.2461462849003579,6.5080287929317011,6.7698151656273646,7.0315027968352917,7.293089348511808,7.5545726911839841,7.8159507373786719,8.0772213472102372,8.338382327135438,8.59943146622183,8.8603665622485241,9.1211854259039988,9.3818858734428741,9.642465719829918,9.9029227767557,10.163254853923792,10.423459760716277,10.683535306839376,10.943479302136931,11.203289556147219,11.462963877889438,11.72250007584508,11.981895958017297,12.241149331981322,12.500258004870288,12.759219783332172,13.018032473505386,13.276693880994843,13.535201810864313,13.793554067615041,14.051748455186573,14.309782776940532,14.567654835641976,14.82536243345816,15.082903371940919,15.340275452023516,15.597476474018004,15.854504237593627,16.111356541787909,16.368031184997665,16.624525964969617,16.880838678807798,17.136967122966908,17.392909093258972,17.648662384842975,17.904224792239145,18.159594109333963,18.414768129368355,18.66974464496484,18.924521448125869,19.179096330232831,19.418818998052295,19.624274189079951,19.826254237155798,20.024018618701373,20.227959811586718,20.47545975402689,20.728592100695387,20.981576964091634,21.234428300152395,21.487089414792635,21.73952449619852,21.991716483874008,22.243667568497951,22.495385844655829,22.746874546364779,22.998131145593756,23.249151079677219,23.499930601657777,23.750467328182321,24.000759523407346,24.250805376977709,24.500602771709911,24.75014940178071,24.999442947687825,25.248481154141015,25.497261816790569,25.745782742327417,25.994041725386133,26.242036547815669,26.489764987228511,26.73722482340024,26.984413839491779,27.231329820441349,27.477970551395252,27.72433381723496,27.970417402918223,28.216219093923765,28.461736676485963,28.706967937609097,28.951910665054037,29.196562647338897,29.44092167379624,29.636196481842553,29.880022619865571,30.123549617241125,30.366775267122811,30.60969736382533,30.852313702904947,31.094622081214986,31.336620296992965,31.578306149930174,31.819677441245322,32.060731973763737,32.301467551993888,32.541881982209773,32.7819730725236,33.021738632975584,33.261176475618051,33.500284414588059,33.7390602662088,33.977501849062044,34.215606984089646,34.453373494669748,34.6907992067186,34.927881948777568,35.164619552103105,35.401009850765888,35.63653050004379,35.870175178914209,36.10195343635251,36.331890809831471,36.560015070914382,36.786354690132711,37.010938109589,37.233793144703668,37.454946550944889,37.674441848157407,37.892434860104387,38.108970907322629,38.324070003560024,38.468499118226042,38.269622517692994,37.622918987031476,36.915320029442711,36.1621535904285,35.3024472997625,34.550322960277356,34.211083525647062,33.961302956069893,33.37771631088718,33.089621461462535,32.519388936574686,31.814609206964974,31.392815638680634,30.690404132662323,30.379106978680657,30.1009412630704,29.427761800663777,28.727738712410758,28.028744419349461,27.330651597936516,26.633366691376146,25.936831800427715,25.24104036403531,24.54600002199054,23.851704816903435,23.158132912265064,22.465255826444515,21.773046701635277,21.081482988114711,20.390544933984049,19.70021317143819,19.010467447476962,18.321286672340214,17.701043291996175,17.563096987020149,17.295288994266421,17.262628438453103,17.343477271888968,17.389022933685,17.538605841150364,17.713684003206762,17.922627223096292,18.125408417472745,18.328800772614418,18.569986849461085,18.824877182705762,19.078720004806964,19.333078076098708,19.587323175954236,19.8413984638011,20.095254729560637,20.348876061808834,20.602270627834656,20.855448969721909,21.108413654352024,21.361160854305048,21.613685356273386,21.865983450895055,22.118053038841687,22.369892574073177,22.621500270476819,22.8728739542227,23.124011270527081,23.374909888136042,23.625567563278395,23.875982104866921,24.126151324750655,24.190661443673605,24.184056900999686,24.17451267442037],