{"Time":[0,4.9542344910955895E-8,0.0011609996464233615,0.0037359182059342128,0.0068746408016676494,0.010334334659081778,0.014683220917249957,0.020543708712754804,0.03,0.06],"EgoSpd":[0,4.2925126784815461E-13,0.00010448603832564545,0.00030960286302224164,0.00077504641600139972,0.0015327692109350542,0.0027757063024786031,0.0047484157220651782,0.0081569315259112547,0.017736434096241965],"TgtSpd":[0,20.000000001466809,19.999999999999805,19.999999999995346,19.999999999999019,19.999999999998217,19.999999999996479,20.000000000001428,19.999999999998956,20.000000000035577],"GT_Dist":[50,50.0000009908469,50.023219936312742,50.074717842571985,50.137490653226308,50.206680589780106,50.293649033944234,50.410836853613255,50.59990171691139,51.199503377979504],"Radar_Dist":[200,200,200,200,200,200,200,200,200,200]}