{
  "Time": [
    0,
    0.00030637719614136426,
    0.01077097251253787,
    0.024734553350119096,
    0.04,
    0.066774614784640626,
    0.10009829641840808,
    0.12,
    0.1681731036285303,
    0.23849701917241786,
    0.27702821151009593,
    0.41000000000000003,
    0.42271934945230893,
    0.42968557211000663,
    0.43896867202222761,
    0.45303865995702725,
    0.58,
    0.75,
    0.92,
    1.09,
    1.25,
    1.42,
    1.59,
    1.76,
    1.93,
    2.08,
    2.25,
    2.42,
    2.59,
    2.7600000000000002,
    2.890672588948656,
    2.8945061817757605,
    2.8986408297622224,
    2.9118021370824581,
    2.97,
    3.0222896574383307,
    3.0494062537110769,
    3.0775264115109029,
    3.1173478268704771,
    3.15,
    3.22765631327202,
    3.39,
    3.56,
    3.73,
    3.9,
    4.07,
    4.24,
    4.41,
    4.58,
    4.75,
    4.92,
    5.09,
    5.26,
    5.43,
    5.6000000000000005,
    5.6541443946189895,
    5.659675896844524,
    5.6709311157357094,
    5.6919101940881029,
    5.7700000000000005,
    5.94,
    6.11,
    6.23,
    6.37,
    6.517356831093,
    6.5975182350567474,
    6.7,
    6.7782912422161248,
    6.852430145336486,
    6.914,
    6.9784145444552559,
    7.04,
    7.1129392927195836,
    7.1727151242449549,
    7.2517999999999994,
    7.3123451532821253,
    7.3744824223486569,
    7.44,
    7.506,
    7.5691223989358605,
    7.63,
    7.7040734439419767,
    7.7700000000000005,
    7.8530000000000006,
    7.92,
    8.01,
    8.0639666353889883,
    8.15,
    8.2265035087875429,
    8.3170647142309928,
    8.4,
    8.51,
    8.5649218123729618,
    8.61,
    8.7009,
    8.83,
    9,
    9.17,
    9.34,
    9.43,
    9.6,
    9.74,
    9.8459802491434,
    9.942455266586089,
    9.95372691798496,
    9.9588360783518883,
    9.9635930154150376,
    9.9688425620143235,
    9.99009569366472,
    10.050081,
    10.063106481437705,
    10.078450367032728,
    10.09,
    10.14,
    10.31,
    10.48,
    10.65,
    10.785200207254929,
    10.832475975644602,
    10.846190200374346,
    10.856558662810629,
    10.865442518811225,
    10.874186806506849,
    10.88,
    10.897561517922243,
    10.97,
    11.14,
    11.31,
    11.48,
    11.65,
    11.82,
    11.99,
    12.16,
    12.33,
    12.5,
    12.67,
    12.84
  ],
  "SimInfo": {
    "RCS_Setting": 10,
    "Pitch_Setting": 1
  },
  "EgoSpd": [
    0,
    1.4093989661047456E-5,
    0.0095773323226411942,
    0.024939483559637668,
    0.040477948394774643,
    0.065708262166046708,
    0.0921531319810418,
    0.10012446312830955,
    0.10204587293268072,
    0.099325281890436865,
    0.098062114414912749,
    0.1014061156550505,
    0.10132916502596578,
    0.10141501026117106,
    0.10149025733649952,
    0.10134034914723042,
    0.094060944030483457,
    0.088474536891968963,
    0.081671024899979863,
    0.0751313099006774,
    0.069125696477279411,
    0.062774713239921162,
    0.056550162563922618,
    0.050557317979521406,
    0.044857738600638221,
    0.040138502178400717,
    0.0352358083526381,
    0.03088916503192082,
    0.027147847391134905,
    0.0240212939234465,
    0.022019630928814374,
    0.022002856597962382,
    0.022095629092962185,
    0.029633131912555434,
    0.18193143750390087,
    0.29383556583877807,
    0.29576781960854076,
    0.2933820177714746,
    0.29364201067959511,
    0.29477686412588117,
    0.29254455780038413,
    0.26911289890896894,
    0.2394020973420983,
    0.22677159304420802,
    0.19967314535207339,
    0.18717143034349687,
    0.18889298760677409,
    0.18484172825840517,
    0.19288273256017235,
    0.20030497482421653,
    0.18177495888144996,
    0.15847863475213403,
    0.15284125475952448,
    0.14687802359353314,
    0.1332463313242559,
    0.13150524585041379,
    0.13162692999187781,
    0.13949414435140647,
    0.185060726173429,
    0.35497990718195155,
    0.79943693953387107,
    1.367929425239681,
    1.7068097373240427,
    2.1287086253642871,
    2.5647194266325748,
    2.7955724654299288,
    3.096919161215399,
    3.3161734268874707,
    3.5203706567279753,
    3.6902526554458128,
    3.8652473257411004,
    4.0297977025569534,
    4.22326854309089,
    4.3791099031979543,
    4.5868387177151027,
    4.7425497881554595,
    4.9033664256114449,
    5.0719685225567517,
    5.240637355816907,
    5.4039785302546868,
    5.5600299268411435,
    5.7529296886528112,
    5.9226462388767525,
    6.1394754608766462,
    6.3129995286674658,
    6.5491585199695175,
    6.6899636326684773,
    6.9153366037056143,
    7.1160381098687,
    7.3540620234307728,
    7.5714419158916684,
    7.7375231971293408,
    7.3979129367411955,
    7.0979637016898671,
    6.4912679931808963,
    5.5793689060861817,
    4.3951466304689086,
    3.2499306621379258,
    2.2512504700255427,
    1.8685423140351105,
    1.1513699087125959,
    0.51086951623970256,
    0.12017149547352526,
    0.16452791474509187,
    0.10607952412150772,
    0.077393424577896122,
    0.054372342049796442,
    0.032279987329081675,
    0.015823182669664614,
    0.072665857871723444,
    0.083200492825675876,
    0.096557891990232972,
    0.10656779378229755,
    0.15280492752672045,
    0.25416213061787191,
    0.2565779078146227,
    0.15587796239682686,
    0.034520100097003646,
    0.0044190245695150763,
    0.0026148371393150717,
    0.0018392046281472149,
    0.0014998900659784957,
    0.00014827028431140018,
    0.00038258566186105648,
    0.012587100457361939,
    0.016034543640525634,
    0.0084512593676479685,
    0.0054475290913570742,
    0.00550202063704585,
    0.0052743920581368592,
    0.00488444598239381,
    0.0045709382088638994,
    0.00431961975680373,
    0.0040966186433617682,
    0.0038972957670772575,
    0.0037217961921179937,
    0.0035667105486772658
  ],