{"Time":[0,4.9542344910955928E-8,0.0013644576205433655,0.0071322323258902944,0.014090143552692141,0.021063722303766678,0.029522950593312662,0.052907668528594277],"EgoSpd":[0,1.3971359796694322E-14,2.0450462594749011E-5,0.00013180071552410397,0.00031936336537834674,0.00057034572399333359,0.00099046514729825741,0.015360279101067147],"TgtSpd":[0,20.000000001466795,20.000000000002267,19.999999999995854,19.999999999998714,20.000000000007944,20.000000000001933,20.000000000000124],"GT_Dist":[50,50.0000009908469,50.027289143226035,50.1426441873178,50.281800881600887,50.421269376926666,50.590447559973022,51.058010312039585],"Radar_Dist":[200,200,200,200,200,200,200,200]}