{
  "Time": [
    0,
    0.02,
    0.08,
    0.16485568690331229,
    0.35000000000000003,
    0.43140452299921905,
    0.56,
    0.65630853645293585,
    0.67352609525584139,
    0.70287371990297931,
    0.72768268768200817,
    0.75119521427142177,
    0.78074715424136842,
    0.81386614727255857,
    1.05,
    1.49,
    1.707688783389552,
    1.7676807375997543
  ],
  "SimInfo": {
    "RCS_Setting": 10,
    "Pitch_Setting": 1
  },
  "EgoSpd": [
    0,
    0.020046850203651958,
    0.076881785135718889,
    0.10211814647449445,
    0.099643897159179332,
    0.10143900844233586,
    0.094741398627884457,
    0.092082244209855862,
    0.10316399475922743,
    0.17085940168727254,
    0.18726159077710677,
    0.2095557474358708,
    0.26546276715640155,
    0.31642226393871681,
    0.951606961547242,
    2.3408499468024733,
    2.9481292554518612,
    3.0475989922940285
  ],
  "TgtSpd": [
    20.935938395640591,
    19.999999737169809,
    19.999999737177333,
    19.999997766018815,
    19.999987910225652,
    19.999980025605971,
    19.999970169800726,
    19.999958342891137,
    19.999958342846352,
    19.999944544770813,
    19.999944544769427,
    19.999944544752655,
    19.999944544761732,
    19.999928775515023,
    19.997905221841563,
    19.959447444290308,
    null,
    null
  ],
  "GT_Dist": [
    21.077476129745705,
    21.465151963609046,
    22.628319857502397,
    24.27535991626625,
    27.887845106376329,
    29.48295456537803,
    32.010186831847378,
    33.908344875045913,
    34.248013614450443,
    34.8260751102357,
    35.314512787536778,
    35.777208197214378,
    36.357955503196195,
    37.00789116995545,
    41.627537465385146,
    49.532228273048965,
    null,
    null
  ],
  "Radar_Dist": [
    200,
    200,
    200,
    200,
    200,
    200,
    200,
    200,
    200,
    200,
    200,
    200,
    200,
    200,
    200,
    200,
    200,
    200
  ],
  "Radar_RelVel": [
    0,
    0,
    0,
    0,
    0,
    0,
    0,
    0,
    0,
    0,
    0,
    0,
    0,
    0,
    0,
    0,
    0,
    0
  ],
  "Target_ID": [
    0,
    0,
    0,
    0,
    0,
    0,
    0,
    0,
    0,
    0,
    0,
    0,
    0,
    0,
    0,
    0,
    0,
    0
  ],
  "Flag_Ghost": [
    0,
    0,
    0,
    0,
    0,
    0,
    0,
    0,
    0,
    0,
    0,
    0,
    0,
    0,
    0,
    0,
    0,
    0
  ],
  "Flag_Loss": [
    1,
    1,
    1,
    1,
    1,
    1,
    1,
    1,
    1,
    1,
    1,
    1,
    1,
    1,
    1,
    1,
    0,
    0
  ]
}