{
  "Time": [
    0,
    0.016429324350951645,
    0.1522402355117824
  ],
  "SimInfo": {
    "RCS_Setting": 10,
    "Pitch_Setting": 1
  },
  "EgoSpd": [
    0,
    0.0033407451435000738,
    0.021685953306018069
  ],
  "TgtSpd": [
    0,
    20.000000000000878,
    20.00000000000076
  ],
  "GT_Dist": [
    50,
    50.328565767784873,
    53.0423210481716
  ],
  "Radar_Dist": [
    200,
    200,
    200
  ],
  "Radar_RelVel": [
    0,
    0,
    0
  ],
  "Target_ID": [
    0,
    0,
    0
  ],
  "Flag_Ghost": [
    0,
    0,
    0
  ],
  "Flag_Loss": [
    1,
    1,
    1
  ]
}