{
  "Time": [
    0,
    0.00030637719614136426,
    0.01077097251253787,
    0.024734553350119096,
    0.04,
    0.06630411034012712,
    0.10000070841929151,
    0.11953905844105116,
    0.15367639598256719,
    0.193271632644274,
    0.25,
    0.34788758710641421,
    0.41725044278054291,
    0.42535957795491797,
    0.43280329441920884,
    0.444976309437216,
    0.47000000000000003,
    0.63,
    0.8,
    0.97,
    1.1003825544091486,
    1.1042275023282038,
    1.107925724000858,
    1.1143040508882489,
    1.1280563969075541,
    1.19,
    1.36,
    1.5,
    1.67,
    1.84,
    2,
    2.16,
    2.33,
    2.5,
    2.67,
    2.84,
    3.0100000000000002,
    3.18,
    3.35,
    3.52,
    3.5961807524034106,
    3.7,
    3.87,
    4.04,
    4.21,
    4.38,
    4.55,
    4.72,
    4.89,
    5.0600000000000005,
    5.23,
    5.4,
    5.57,
    5.7,
    5.8500000000000005,
    5.98,
    6.033,
    6.073,
    6.113,
    6.15,
    6.2,
    6.26,
    6.2946524445631047,
    6.44,
    6.61,
    6.74,
    6.8345646496025267,
    6.8615625774390523,
    6.92,
    6.972799494784554,
    7.05,
    7.1128665977125589,
    7.1391666632154749,
    7.23,
    7.4,
    7.5361829803839733,
    7.69,
    7.7488697489589757,
    7.8076807480577335,
    7.8547071951627228,
    7.9064620698922559,
    8.01,
    8.143430007234155,
    8.22,
    8.36,
    8.4038332865318068,
    8.44179071842437,
    8.48,
    8.5389620314405423,
    8.58,
    8.628837418780634,
    8.67,
    8.7790243494748168,
    8.88,
    9.05,
    9.22,
    9.3371829559202517,
    9.36903607595342,
    9.4024218892080533,
    9.4496766653565665,
    9.4747262491009323,
    9.56,
    9.73,
    9.9,
    10.07,
    10.24,
    10.4
  ],
  "SimInfo": {
    "RCS_Setting": 10,
    "Pitch_Setting": 1
  },
  "EgoSpd": [
    0,
    1.4093989661047456E-5,
    0.0095773323226411942,
    0.024939483559637668,
    0.040477948394774643,
    0.0652939474487239,
    0.092080812808345125,
    0.10001387737177572,
    0.1021762562081189,
    0.10114969835476995,
    0.098799846397652047,
    0.099527498839761488,
    0.10123689930844866,
    0.10134220072944261,
    0.10141282451469107,
    0.10144188827155351,
    0.10051031111700587,
    0.092648958484069552,
    0.0864243834223625,
    0.079684338509661973,
    0.074705393152747046,
    0.074645346761918432,
    0.074629671858717481,
    0.075772543328784622,
    0.09195325734419571,
    0.2485827373631469,
    0.73079791550658346,
    1.1939829852877955,
    1.6708990921173936,
    2.1083442499472191,
    2.5572024086629037,
    3.0165720344449638,
    3.4917983414852394,
    3.9495015220884637,
    4.3966040082844957,
    4.8365243190143836,
    5.2746762882659954,
    5.7141497868431621,
    6.1563191219887257,
    6.6008022474812256,
    6.8013364892088068,
    7.0731385823303095,
    7.5202929159418792,
    7.9665972217724308,
    8.4126789217791274,
    8.85829036840977,
    9.303479564992255,
    9.7482584712614866,
    10.192611499561041,
    10.636673067032653,
    11.080323255423288,
    11.523579169637316,
    11.966433123229875,
    12.304808121490833,
    12.694934473592747,
    13.032772935319763,
    13.170433648372544,
    13.274300053112105,
    13.378141806469818,
    13.47417335709617,
    13.603911818314241,
    13.759546170891745,
    13.849403856893446,
    14.21447440872131,
    14.624856974440437,
    14.933728458278576,
    15.170785282589824,
    15.235393883760915,
    15.386534704355377,
    15.52359085095674,
    15.724474514418064,
    15.885940008814213,
    15.882307559275025,
    15.8032080358504,
    15.584328418430314,
    15.395027220439172,
    15.145675708055496,
    15.052907924502314,
    14.94990039051849,
    14.866145373443707,
    14.767513075043189,
    14.570296965462203,
    14.253002930035505,
    14.006348367029428,
    13.776199752656298,
    13.66998624441832,
    13.575163754926365,
    13.50137236638418,
    13.402631938732643,
    13.329957360132651,
    13.222690962136964,
    13.127993289927572,
    12.905311803060698,
    12.705017456754828,
    12.349521791948089,
    11.994479518376016,
    11.748436450970324,
    11.679384144137902,
    11.632660147944151,
    11.559058408191053,
    11.540435288685803,
    11.478104540483994,
    11.182414958619065,
    10.839405718690468,
    10.499902767689958,
    10.166136274981007,
    9.8540457853634589
  ],
  "TgtSpd": [
    20.935938395640591,
    19.999999737132612,
    19.99999973718182,
    19.999999737181309,
    19.999999737223323,
    19.99999973718263,
    19.999997773820805,
    19.999997766053738,
    19.999997766022002,
    19.999997766018861,
    19.999993823699143,
    19.999987910226512,
    19.999980025602298,
    19.999980025568689,
    19.99998002557242,
    19.999980025603023,
    19.999980025592514,
    19.999958342858378,
    19.999747429739497,
    19.999932098070978,
    19.992841482228052,
    19.992841482281477,
    19.992841482299657,
    19.992841482272812,
    19.992841482271526,
    19.992841482271515,
    19.973609965153649,
    19.805053841271963,
    19.930297424815397,
    19.975843300500657,
    20.011802073332181,
    19.999927349759677,
    19.999972796608166,
    19.999996163813229,
    19.99996685773792,
    19.999830108932258,
    19.999693905509726,
    19.999729094493095,
    19.999793028011553,
    19.999848368891158,
    19.999848368891914,
    19.999536730032393,
    19.999915268923647,
    19.999959542207389,
    19.999999768169971,
    19.999987447939819,
    19.999897834602869,
    19.99972159141,
    19.999600984021878,
    19.999294798833851,
    19.998901988492996,
    19.994288937852406,
    19.998991665643619,
    19.998457699058907,
    19.999945462584783,
    19.999998201612485,
    19.999918341630533,
    19.999918341628142,
    19.999705883582081,
    19.999705883582191,
    19.998670093617005,
    19.999360830018276,
    19.999360830014886,
    19.9993497113646,
    19.999778864770967,
    19.983585109119741,
    19.910975194002674,
    19.910975194001775,
    19.781031582162676,
    19.781031582165,
    19.82251148039634,
    19.934560087889505,
    19.93456008791668,
    19.991661513230646,
    19.995562044884874,
    19.999410082428852,
    19.999683950702675,
    19.99987290882892,
    19.99996778564671,
    19.999967785645573,
    19.999979331188431,
    19.999986526120225,
    19.999992186455533,
    19.999996312214574,
    19.999998903376191,
    19.999999959942169,
    19.999999959949015,
    19.999999959948397,
    19.999999481914369,
    19.999999481929684,
    19.99999746933835,
    19.999997469310969,
    19.999993922110917,
    19.999988840324129,
    19.999977673045922,
    19.999983867135121,
    19.999986626771033,
    19.999986626765157,
    19.999989127694203,
    19.99998912764357,
    19.999989127695841,
    19.999991369918881,
    19.999999828109257,
    19.999933040882475,
    19.99993177841036,
    19.99980706249104,
    19.998685906638226
  ],