{
  "Time": [
    0,
    1.9144873926557465E-5,
    0.0060699386454768651,
    0.017463230127069448,
    0.029289686206386854,
    0.04,
    0.06578246921478717,
    0.10189469094648371,
    0.11884516090053741,
    0.15926821008466122,
    0.2,
    0.25,
    0.3,
    0.41294192009427461,
    0.42272943351577669,
    0.42891989056592084,
    0.43584320014267036,
    0.44852240520631947,
    0.46400850873581867,
    0.58,
    0.72,
    0.86,
    1,
    1.1400000000000001,
    1.28,
    1.42,
    1.56,
    1.5974905996820836,
    1.7,
    1.84,
    1.98,
    2.1,
    2.24,
    2.38,
    2.52,
    2.66,
    2.8000000000000003,
    2.94,
    3.08,
    3.22,
    3.36,
    3.5,
    3.64,
    3.7800000000000002,
    3.92,
    4.0600000000000005,
    4.2,
    4.34,
    4.48,
    4.62,
    4.76,
    4.9,
    5.04,
    5.18,
    5.26,
    5.3270648036243147,
    5.46,
    5.5340252448218719,
    5.63,
    5.7700000000000005,
    5.91,
    6.05
  ],
  "SimInfo": {
    "RCS_Setting": 10,
    "Pitch_Setting": 1
  },
  "EgoSpd": [
    0,
    6.3446679521770071E-8,
    0.0033405034444281712,
    0.017399817241044266,
    0.029633916383763108,
    0.040485605094747482,
    0.064845840692244666,
    0.09326512422366301,
    0.099901790718241471,
    0.10220929301149576,
    0.10095122448670009,
    0.0988392596929865,
    0.098064492315387247,
    0.10136576198714915,
    0.10131436322819865,
    0.10139860715772867,
    0.10145890805074534,
    0.10141988542669456,
    0.10087650773699727,
    0.0940466897426586,
    0.089635440000012459,
    0.084031342742036608,
    0.078545246298025492,
    0.073234048934225179,
    0.067987290428655991,
    0.062760257278194578,
    0.057619704158225642,
    0.06866676538245256,
    0.25668649636462459,
    0.62371401678873417,
    0.99194361520557583,
    1.3078506687701685,
    1.67654861472578,
    2.0451045816201754,
    2.4134564465056472,
    2.7816745424084739,
    3.1497861987158315,
    3.5177714092296459,
    3.8856121028113693,
    4.2533034464352131,
    4.6208429573235117,
    4.9882250758772573,
    5.35544293498899,
    5.7224902190748628,
    6.0893610886304508,
    6.4560496589618444,
    6.8225499070329239,
    7.1888557924175718,
    7.5549613086895695,
    7.920860461586603,
    8.28654725016814,
    8.6520156684444984,
    9.0172597106696415,
    9.3822733718899975,
    9.4724605937926523,
    9.5074994377569162,
    9.8624935861644456,
    9.9110996079653351,
    10.083175341872639,
    10.448764186401132,
    10.81183343248866,
    11.17431620158507
  ],
  "TgtSpd": [
    0,
    20.000000000032596,
    19.999999999998025,
    19.999999999999524,
    20.000000000002935,
    20.000000000000565,
    20.000000000000362,
    20.000000000001076,
    19.999999999993676,
    20.000000000001055,
    20.000000000000014,
    19.999999999999709,
    20.000000000000057,
    20.000064264254615,
    19.99999999999655,
    19.999999999995651,
    19.999999999997648,
    20.000000000003602,
    20.00000000000048,
    19.999999999999666,
    19.999999999999556,
    20.000000000000266,
    20.000000000000266,
    20.000000000000266,
    19.999999999999556,
    19.999999999999556,
    19.999999999999261,
    20.000000000000266,
    20.000000000000266,
    20.000000000000266,
    19.999999999999556,
    19.999999999999556,
    20.000000000000266,
    20.000000000000266,
    20.000000000000266,
    20.000000000000266,
    20.000000000000266,
    20.000000000000266,
    20,
    19.999999999999556,
    20.000000000000266,
    19.999999999999556,
    20.000000000000266,
    19.999999999999556,
    20.000000000001688,
    19.999999999999822,
    19.999999999999289,
    19.999999999999822,
    20.000000000001243,
    20.000000000000711,
    19.999999999999822,
    19.9999999999984,
    19.999999999999289,
    19.999999999999822,
    20.000000000000412,
    19.999999999999289,
    19.999999999999289,
    19.999999999999289,
    20.000000000000711,
    20.000000000001243,
    20.000000000000711,
    19.999999999999822
  ],
  "GT_Dist": [
    50,
    50.000382897478076,
    50.12139287980046,
    50.349137062976318,
    50.585387869023812,
    50.79921834140265,
    51.313503750918976,
    52.032869503875084,
    52.370232931754728,
    53.174581483493853,
    53.9850763377777,
    54.980079847057794,
    55.975168516603588,
    58.22272684481031,
    58.417485585384448,
    58.540667265148691,
    58.67843122374839,
    58.930728837193072,
    59.238883781528337,
    61.54745864056548,
    64.3345801452899,
    67.122421794411821,
    69.911043732748865,
    72.700420729412841,
    75.490535361983447,
    78.281383565086912,
    81.072958415879512,
    81.820535821796966,
    83.855504724962557,
    86.593907944275983,
    89.280813575754777,
    91.542828401100479,
    94.133920183939722,
    96.673401902373186,
    99.161300644631766,
    101.59764023621632,
    103.98243666655591,
    106.31570602235091,
    108.59746744885148,
    110.82774161347116,
    113.00654957187963,
    115.13391293768272,
    117.20985422687232,
    119.23439688668246,
    121.20756520821369,
    123.12938429944266,
    124.99988010295077,
    126.8190794070259,
    128.58700984322124,
    130.30369988278844,
    131.96917883657008,
    133.58347685597056,
    135.14662493325008,
    136.6586549014026,
    137.50213547606296,
    138.20769153973325,
    139.57835107819784,
    140.32618398248474,
    141.28892763846795,
    142.65158753024136,
    143.9633785815308,
    145.22438954892991
  ],
  "Radar_Dist": [
    200,
    200,
    200,
    200,
    200,
    200,
    200,
    200,
    200,
    200,
    200,
    200,
    200,
    200,
    200,
    200,
    200,
    200,
    200,
    200,
    200,
    200,
    200,
    200,
    200,
    200,
    200,
    200,
    200,
    200,
    200,
    200,
    200,
    200,
    200,
    200,
    200,
    200,
    200,
    200,
    200,
    200,
    200,
    200,
    200,
    200,
    200,
    200,
    200,
    200,
    200,
    200,
    200,
    200,
    200,
    200,
    200,
    200,
    200,
    200,
    200,
    200
  ],
  "Radar_RelVel": [
    0,
    0,
    0,
    0,
    0,
    0,
    0,
    0,
    0,
    0,
    0,
    0,
    0,
    0,
    0,
    0,
    0,
    0,
    0,
    0,
    0,
    0,
    0,
    0,
    0,
    0,
    0,
    0,
    0,
    0,
    0,
    0,
    0,
    0,
    0,
    0,
    0,
    0,
    0,
    0,
    0,
    0,
    0,
    0,
    0,
    0,
    0,
    0,
    0,
    0,
    0,
    0,
    0,
    0,
    0,
    0,
    0,
    0,
    0,
    0,
    0,
    0
  ],
  "Target_ID": [
    0,
    0,
    0,
    0,
    0,
    0,
    0,
    0,
    0,
    0,
    0,
    0,
    0,
    0,
    0,
    0,
    0,
    0,
    0,
    0,
    0,
    0,
    0,
    0,
    0,
    0,
    0,
    0,
    0,
    0,
    0,
    0,
    0,
    0,
    0,
    0,
    0,
    0,
    0,
    0,
    0,
    0,
    0,
    0,
    0,
    0,
    0,
    0,
    0,
    0,
    0,
    0,
    0,
    0,
    0,
    0,
    0,
    0,
    0,
    0,
    0,
    0
  ],
  "Flag_Ghost": [
    0,
    0,
    0,
    0,
    0,
    0,
    0,
    0,
    0,
    0,
    0,
    0,
    0,
    0,
    0,
    0,
    0,
    0,
    0,
    0,
    0,
    0,
    0,
    0,
    0,
    0,
    0,
    0,
    0,
    0,
    0,
    0,
    0,
    0,
    0,
    0,
    0,
    0,
    0,
    0,
    0,
    0,
    0,
    0,
    0,
    0,
    0,
    0,
    0,
    0,
    0,
    0,
    0,
    0,
    0,
    0,
    0,
    0,
    0,
    0,
    0,
    0
  ],
  "Flag_Loss": [
    1,
    1,
    1,
    1,
    1,
    1,
    1,
    1,
    1,
    1,
    1,
    1,
    1,
    1,
    1,
    1,
    1,
    1,
    1,
    1,
    1,
    1,
    1,
    1,
    1,
    1,
    1,
    1,
    1,
    1,
    1,
    1,
    1,
    1,
    1,
    1,
    1,
    1,
    1,
    1,
    1,
    1,
    1,
    1,
    1,
    1,
    1,
    1,
    1,
    1,
    1,
    1,
    1,
    1,
    1,
    1,
    1,
    1,
    1,
    1,
    1,
    1
  ]
}