{"Time":[0,4.9542344910955928E-8,0.0013644576205433655,0.0071322323258902944,0.014090143552692141,0.023077302282261517,0.05,0.11,0.21],"EgoSpd":[0,1.3971359796694322E-14,2.0450462594749011E-5,0.00013180071552410397,0.00031936336537834674,0.00065027898161016588,0.0018057811889974997,0.0049957802524633011,0.0099631883639935137],"TgtSpd":[0,20.000000001466795,20.000000000002267,19.999999999995854,19.999999999998714,20.000000000001293,20.00000000000038,19.99999999999994,19.99999999999994],"GT_Dist":[50,50.0000009908469,50.027289143226035,50.1426441873178,50.281800881600887,50.461539747726341,50.999960964399463,52.199759468317971,54.198993730409491],"Radar_Dist":[200,200,200,200,200,200,200,200,200]}