{
  "Time": [
    0,
    0.43473032036257847,
    0.45292550774256907,
    0.72,
    0.75428752728176929,
    0.78883160370837457,
    0.97,
    3.3169135155073861,
    4.0376494425567975,
    4.0875977919409854,
    4.133738296996464,
    4.1732099793780648,
    4.2110723960440666,
    4.2563157502373441,
    4.3009016453858786,
    4.3478668437787107,
    4.3994473632126017,
    4.4361468710269127,
    4.4804820403664847,
    4.5169492693035362,
    4.66,
    4.7474741526588105,
    4.7908691522897806,
    4.8292305824887389,
    4.8662922529939365,
    4.9009909589297518,
    4.938185686645582,
    4.9747985998479258,
    5.0202620236800914,
    5.0667607214882242,
    5.1003971374201118,
    5.1318672710513971,
    5.1686306343930086,
    5.2013952536929713,
    5.2289859109104011,
    5.2676831007274751,
    5.3020306032919153,
    5.3368697649784851,
    5.3718111394334684,
    5.410552157775979,
    5.4469129262814384,
    5.4862632175183466,
    5.5229709698927039,
    5.5552198353304627,
    5.5884241590692447,
    5.6238845350654563,
    5.6555699016739416,
    5.6948738908064822,
    5.7333632519883651,
    5.77483918540152,
    5.8101022324678606,
    5.8434501734034505,
    5.8835057696739783,
    5.9194138537235874,
    5.9587790221408419,
    5.9952192675384364,
    6.0310066420009409,
    6.0773805721135936,
    6.1085806990068017,
    6.1492069351830336,
    6.178427638927217,
    6.2226239470984943,
    6.2566703223605264,
    6.2975693794855188
  ],
  "SimInfo": {
    "RCS_Setting": 10,
    "Pitch_Setting": 1
  },
  "EgoSpd": [
    0,
    0.025223649585319387,
    0.050984018489529007,
    0.0014726030269468125,
    0.008241088281188599,
    0.011466753790655719,
    0.094687410564082738,
    5.6997626443651228,
    5.7963335529021949,
    6.0285111239327032,
    6.2441178658121537,
    6.4166459026596492,
    6.4906920195834426,
    6.486035862802054,
    6.5250646629139561,
    6.64706306762377,
    6.7521315546674545,
    6.8273184296093756,
    6.9213526844048365,
    7.0009584016390338,
    6.9691450318464376,
    7.1261995815465449,
    7.2762749771932977,
    7.4062331419210352,
    7.5166738666905974,
    7.6065711689205235,
    7.699775929509709,
    7.7860374472994023,
    7.8962098044982563,
    8.0120246032875517,
    8.0985747621686688,
    8.17834415982336,
    8.2734580530091222,
    8.35834530602599,
    8.4300509845641081,
    8.530990737252921,
    8.6212158089980679,
    8.7122683843533917,
    8.8037553872411163,
    8.9051608905323079,
    8.9994121613381317,
    9.1021233992092263,
    9.1972470651908242,
    9.2798654857696725,
    9.365684198000638,
    9.457196597517818,
    9.5386281609126815,
    9.6392440771678167,
    9.74015991720909,
    9.8485976570085239,
    9.9398582829163757,
    10.025920864602931,
    10.130025023240989,
    10.222553175245352,
    10.325054774845428,
    10.419344946978297,
    10.512158710411926,
    10.632077629339124,
    10.714559134890196,
    10.818758105129087,
    10.894485318629876,
    11.007903622550781,
    11.096515605838,
    11.201259201452068
  ],
  "TgtSpd": [
    20.606604915433127,
    19.999980025576807,
    19.999980025375152,
    19.99994454478098,
    19.999944544803839,
    19.999944544733786,
    19.999932098071234,
    19.9997930280114,
    19.999959542170821,
    19.999959542217685,
    19.999990430709303,
    19.999990430712057,
    19.999999768320023,
    19.999999768156279,
    19.999987447930042,
    19.999987447940857,
    19.999987447850572,
    19.999953470109418,
    19.999953470045167,
    19.999897834538789,
    19.99982054166896,
    19.999721591422993,
    19.9997215914047,
    19.999600983988682,
    19.999600983999571,
    19.999458719720572,
    19.9994587197321,
    19.999458719747885,
    19.999294798812688,
    19.999294798804904,
    19.999109221629958,
    19.999109221651882,
    19.999109221612219,
    19.998901988515271,
    19.998901988626695,
    19.998901988483404,
    19.998673099803948,
    19.998673099864273,
    19.998673099809274,
    19.998500351221676,
    19.998500351155002,
    19.998500351209934,
    19.998991665663592,
    19.998991665656522,
    19.998991665684564,
    19.999442191678629,
    19.999442191599488,
    19.999442191583697,
    19.999760125165231,
    19.9997601251902,
    19.999945462485119,
    19.999945462589125,
    19.999945462506897,
    19.9999982017079,
    19.999998201576087,
    19.999998201579483,
    19.999918341594434,
    19.999918341628177,
    19.999705883625857,
    19.999705883628828,
    19.999705883532645,
    19.999360830008193,
    19.99936083002563,
    19.999360830004463
  ],
  "GT_Dist": [
    21.077476129745705,
    29.549926940395878,
    29.909472836716912,
    35.1934152383738,
    35.874357173563155,
    36.560753413680331,
    40.164226849555888,
    62.429173023114288,
    71.597078688950717,
    72.243556146774011,
    72.850333929288155,
    73.377631295670469,
    73.890078609763378,
    74.506049190379116,
    75.117911481262524,
    75.771578795917833,
    76.498065263434952,
    77.023767931383091,
    77.6646394974739,
    78.199124894437219,
    80.341761943083753,
    81.692531858429135,
    82.378189079446187,
    82.999009670548858,
    83.606090836778577,
    84.178261354100556,
    84.808548706141778,
    85.432263575645365,
    86.219605140573123,
    87.040541999841437,
    87.637631632427542,
    88.212751360147209,
    88.887276103171942,
    89.49153865002792,
    90.015065447824142,
    90.751881197657724,
    91.409406909888887,
    92.095628046042108,
    92.7860965402445,
    93.559870948797752,
    94.302660893589533,
    95.109024293971046,
    95.874485390301828,
    96.554474763406,
    97.256309713880114,
    98.016108295683864,
    98.700261748625834,
    99.550989767188625,
    100.39425006885595,
    101.30668849542059,
    102.08578286886041,
    102.827408916519,
    103.72030365475561,
    104.52341365521055,
    105.40661984456507,
    106.22615406067008,
    107.03105555070404,
    108.07636253551408,
    108.78003539326308,
    109.69380864934388,
    110.3524667261814,
    111.34512557307481,
    112.10741870274262,
    113.02526626444725
  ],
  "Radar_Dist": [
    200,
    200,
    200,
    200,
    200,
    200,
    200,
    200,
    200,
    200,
    200,
    200,
    200,
    200,
    200,
    200,
    200,
    200,
    200,
    200,
    200,
    200,
    200,
    200,
    200,
    200,
    200,
    200,
    200,
    200,
    200,
    200,
    200,
    200,
    200,
    200,
    200,
    200,
    200,
    200,
    200,
    200,
    200,
    200,
    200,
    200,
    200,
    200,
    200,
    200,
    200,
    200,
    200,
    200,
    200,
    200,
    200,
    200,
    200,
    200,
    200,
    200,
    200,
    200
  ],
  "Radar_RelVel": [
    0,
    0,
    0,
    0,
    0,
    0,
    0,
    0,
    0,
    0,
    0,
    0,
    0,
    0,
    0,
    0,
    0,
    0,
    0,
    0,
    0,
    0,
    0,
    0,
    0,
    0,
    0,
    0,
    0,
    0,
    0,
    0,
    0,
    0,
    0,
    0,
    0,
    0,
    0,
    0,
    0,
    0,
    0,
    0,
    0,
    0,
    0,
    0,
    0,
    0,
    0,
    0,
    0,
    0,
    0,
    0,
    0,
    0,
    0,
    0,
    0,
    0,
    0,
    0
  ],
  "Target_ID": [
    0,
    0,
    0,
    0,
    0,
    0,
    0,
    0,
    0,
    0,
    0,
    0,
    0,
    0,
    0,
    0,
    0,
    0,
    0,
    0,
    0,
    0,
    0,
    0,
    0,
    0,
    0,
    0,
    0,
    0,
    0,
    0,
    0,
    0,
    0,
    0,
    0,
    0,
    0,
    0,
    0,
    0,
    0,
    0,
    0,
    0,
    0,
    0,
    0,
    0,
    0,
    0,
    0,
    0,
    0,
    0,
    0,
    0,
    0,
    0,
    0,
    0,
    0,
    0
  ],