{
  "Time": [
    0,
    0.00012402514996143589,
    0.0037359182059342128,
    0.00873904249624026,
    0.014683220917249957,
    0.023400394764562737,
    0.06,
    0.098150950536177964,
    0.14446499777799507,
    0.18,
    0.22,
    0.36,
    0.51,
    0.66,
    0.81,
    0.96,
    1.11,
    1.26,
    1.41,
    1.56,
    1.71,
    1.86,
    1.9385910017778729,
    1.9672732354847344,
    2.0100000000000002,
    2.16,
    2.2145525830754917,
    2.2202549461325107,
    2.2251696291984855,
    2.23,
    2.2344478231832334,
    2.2386769217936062,
    2.2430425762761423,
    2.2473207674978752,
    2.2513801482824145,
    2.2555229590655212,
    2.2600000000000002,
    2.2643637399747587,
    2.2681124529877974,
    2.2729849998143425,
    2.2770675342462079,
    2.2814636591569197,
    2.285488754977679,
    2.2898344030207518,
    2.2943224423048587,
    2.2992585259222911,
    2.3034468421598935,
    2.3079400532484571,
    2.3127211946978341,
    2.3188675355464707,
    2.3273241370981395,
    2.36,
    2.3855720205692341,
    2.46,
    2.61,
    2.7600000000000002,
    2.91,
    3.06,
    3.21,
    3.36,
    3.5100000000000002,
    3.66,
    3.81,
    3.96,
    4.11,
    4.26,
    4.41,
    4.5600000000000005,
    4.71,
    4.86,
    5.01,
    5.16,
    5.3100000000000005,
    5.46,
    5.61,
    5.76,
    5.91,
    6.0600000000000005,
    6.21,
    6.36,
    6.51,
    6.66,
    6.8100000000000005,
    6.96,
    7.11,
    7.26,
    7.41,
    7.5600000000000005,
    7.71,
    7.86,
    8.01,
    8.16,
    8.31,
    8.46,
    8.61,
    8.76,
    8.91,
    9.06,
    9.21,
    9.2900000000000009,
    9.36,
    9.48,
    9.5580720114524027,
    9.64,
    9.7900000000000009,
    9.94,
    10.07,
    10.18,
    10.33,
    10.433,
    10.57,
    10.72,
    10.870000000000001,
    11.02,
    11.1,
    11.16,
    11.290000000000001,
    11.38
  ],
  "SimInfo": {
    "RCS_Setting": 10,
    "Pitch_Setting": 1
  },
  "EgoSpd": [
    0,
    2.66408223640201E-6,
    0.00030960286302224164,
    0.0011489038223327988,
    0.0027757063024786031,
    0.0057680609315107047,
    0.017736434096241965,
    0.022150653914812059,
    0.021977205514252272,
    0.020490149445743996,
    0.019069709856009434,
    0.017052139021500042,
    0.019912612284886534,
    0.018784788571820567,
    0.016856133266570556,
    0.015850251097779756,
    0.015369945986134398,
    0.014894816323331544,
    0.014433654147632513,
    0.01409200502157746,
    0.01385488157548808,
    0.013672465176944331,
    0.0054615206465420544,
    0.0017067648751507075,
    0.00073156198580973813,
    0.00024283451312450064,
    0.00013862250077337481,
    0.00024464385087555611,
    0.00035114973108345748,
    0.0004245254152898396,
    0.0005250421423772803,
    0.00060248022812845359,
    0.00070418173742601035,
    0.00080581525653246236,
    0.00090287488209152668,
    0.000993200986810693,
    0.0010968198695258313,
    0.0011988868326306065,
    0.0012710731862069838,
    0.0013869863986728662,
    0.0014714509153367613,
    0.001571963873258234,
    0.0016644286656168211,
    0.0017566976691352331,
    0.0018492810168696647,
    0.001958864198608468,
    0.0020518419204728624,
    0.0021481712306033181,
    0.0022497719344483492,
    0.0023794843233476202,
    0.00255519465800156,
    0.003207626932197232,
    0.0049289840032214448,
    0.18626409925734941,
    0.58280515118941389,
    0.97733767430717977,
    1.372321445221697,
    1.7673579022114652,
    2.16215493586024,
    2.55675229124294,
    2.9512279091341962,
    3.3455713932212894,
    3.7397538200236222,
    4.1337661477850016,
    4.5276061165818211,
    4.9212673217042919,
    5.3147412156088238,
    5.7080200361038207,
    6.1010966408907787,
    6.49396376445149,
    6.8866139751288973,
    7.2790398536856777,
    7.6712340236438967,
    8.0631891103087181,
    8.454897728392746,
    8.84635249047166,
    9.2375460107504779,
    9.6284709031177975,
    10.019119779771232,
    10.409485251328043,
    10.799559926908465,
    11.189336413959255,
    11.578807317973773,
    11.967965242329452,
    12.35680278816,
    12.745312554197088,
    13.133487136654768,
    13.521319129079297,
    13.908801122249153,
    14.295925704076057,
    14.682685459500467,
    15.069072970423273,
    15.455080815631247,
    15.840701570742121,
    16.225927808151,
    16.610752097016579,
    16.995167003224758,
    17.379165089380891,
    17.762545470336779,
    17.78729057963972,
    17.778138683005132,
    17.764777217983738,
    17.756074080833692,
    17.927760098731504,
    18.310176958765659,
    18.692266550041364,
    19.023543074223014,
    19.303615830721228,
    19.684978156439431,
    19.946518713899305,
    20.294063350224505,
    20.674160512591079,
    21.053772143760163,
    21.43275006536491,
    21.486561177448937,
    21.476712313155417,
    21.458372525964638,
    21.445674438178994
  ],
  "TgtSpd": [
    0,
    20.00000000000156,
    19.999999999995346,
    20.000000000006789,
    19.999999999996479,
    20.000000000001283,
    20.000000000006263,
    19.999999999999897,
    20.000000000000323,
    19.999999999999009,
    20.000000000000711,
    19.999999999999968,
    19.999999999999911,
    19.999999999999911,
    20.000000000000266,
    20.000000000000377,
    20.000000000000266,
    20.000000000000266,
    20.00000000000049,
    20.000000000000266,
    20.000000000000266,
    20.000000000000266,
    19.9999999999997,
    19.999999999999552,
    20.000000000000718,
    20.000000000000266,
    19.999999999995797,
    19.999999999979096,
    20.000000000006519,
    20,
    20.0000000000029,
    20,
    19.999999999990369,
    20.000000000033776,
    19.999999999993353,
    20.000000000010406,
    19.999999999991111,
    19.999999999993694,
    19.999999999994323,
    19.999999999990884,
    20.000000000005496,
    20.000000000037879,
    20.00000000002332,
    19.99999999997566,
    20,
    19.999999999992863,
    20.000000000003169,
    19.999999999994447,
    20.000000000019046,
    20.000000000012051,
    20.000000000002117,
    19.999999999999215,
    19.999999999998487,
    20.000000000000266,
    20.000000000000266,
    20.000000000000266,
    20.000000000000266,
    20.000000000000266,
    20.000000000000266,
    20.000000000000266,
    20.000000000000266,
    20.000000000000266,
    20.000000000000266,
    20.000000000000266,
    19.999999999999822,
    19.999999999999822,
    20.000000000000711,
    19.999999999999822,
    19.999999999999289,
    20.000000000000711,
    19.999999999999822,
    20.000000000000711,
    19.999999999999822,
    19.999999999999289,
    20.000000000000711,
    19.999999999999822,
    20.000000000000711,
    19.999999999999822,
    19.999999999999289,
    20.000000000000711,
    19.999999999999822,
    20.000000000000711,
    19.999999999999822,
    20.000000000000711,
    20.000000000000711,
    19.999999999999822,
    20.000000000000711,
    19.999999999999822,
    20.000000000000711,
    20.000000000000711,
    19.999999999999289,
    20.000000000000711,
    20.000000000000711,
    19.999999999998934,
    20.000000000000355,
    19.999999999999289,
    20.000000000000711,
    20.000000000000711,
    19.999999999999289,
    20.000000000001577,
    20.000000000000355,
    19.999999999999556,
    19.999999999994756,
    19.999999999999289,
    19.999999999998934,
    20.000000000000355,
    19.999999999999289,
    19.999999999999289,
    20.000000000002132,
    20,
    19.999999999999289,
    19.999999999999289,
    20.000000000000355,
    20.000000000002132,
    19.999999999998355,
    20.000000000003922,
    19.999999999994134,
    19.999999999999289
  ],